PS Number,Session Title,Chair
1,XR Learning,Voicu Popescu
2,Crowd Interaction,Sab Babu
3,Finger Touch Input,Jen-Shuo Liu
4,Scene Reconstruction,Shohei Mori
5,Haptic Interaction,Francesco Ferrise
6,Avatar Identity,Hyeongil Nam
7,3D Asset Modeling,Giulia Scurati
8,Remote Collaboration,Ferran Argelaguet
9,Gaze Gesture Input,Bruce Thomas
10,Assembly Workflows,Ana Stanescu
11,Vibrotactile Haptics,Jean Botev
12,Body Ownership,Lee Lisle
13,Applied XR Evaluation,Stephan Lukosch
14,XR Authoring,Georgia Albuquerque
15,Shared Spatial Cues,Dooyoung Kim
16,Spatial Audio,Greg Welch
17,Social Avatars,Kangsoo Kim
18,Gaze Selection,Alexander Plopski
19,Embodied Agents,Katja Zibrek
20,Teleoperation,Sen-Zhe Xu
21,Hand Gestures,Tobias Höllerer
22,XR Infrastructure,
23,Near-Eye Optics,Daniel Wagner
24,Accessible Navigation,Richard Skarbez
25,Task Reliability,Francesco Musolino
26,Cybersickness Mitigation,Regis Kopper
27,Immersive Exp. & Culture,Mine Dastan
28,Projection & Display Tech.,Daisuke Iwai
29,Navigation Cues,Steve Feiner
30,3D Manipulation,Rob Lindeman
31,Affective XR,Edgar Rojas-Muñoz
32,Redirected Walking,Frank Steinicke
33,Social Impact,Cassidy R. Nelson
34,Panoramic Media,Jian Wu
35,Cybersickness Prediction,Radu-Daniel Vatavu
36,Spatial Interfaces,Florian Weidner
37,Multisensory Perception,Ye Pan
38,Pedagogical Agents,Susanne Schmidt
39,Hybrid Mobile Interfaces,
40,XR Privacy,Francisco R. Ortega
41,Cybersickness & Locomotion,Daniel Zielasko
42,Medical Procedures,Gabriel Zachmann
43,XR Trust,Enricoandrea Laviola
44,Agents for Guidance,Alexander Giovannelli
45,Immersive Analytics,Sebastian Hubenschmid
46,Passthrough Perception,Michele Gattullo
47,VR Locomotion,Jeanine Stefanucci
48,Human Perf. Assessment,Lucie Wittig
49,Object Physicality,Ke Li
50,Adaptive & Personalized XR,Doug Bowman
51,Rehab. Screening,Pasquale Cascarano
52,Visual Cueing,Ed Swan
53,Viewpoint Transitions,Dario Gentile
54,XR Analytics & Measurement,Vito De Giglio
